X,Y,Z,MD,TVD
2181077.428,504058.71,2027,0,2.27E-13
2181077.482,504058.713,1949.000025,78,77.99997466
2181077.645,504058.722,1871.000203,156,155.9997972
2181077.73,504058.7567,1844.000364,183,182.9996355
2181077.834,504058.8524,1817.00074,210,209.99926
2181077.962,504059.125,1771.001754,256,255.9982458
2181077.962,504059.5125,1725.003413,302,301.996587
2181077.905,504059.9547,1681.5057,345.5,345.4943
2181077.856,504060.4399,1638.008435,389,388.9915647
2181077.803,504061.0265,1593.012305,434,433.9876949
2181077.735,504061.7379,1548.017995,479,478.9820048
2181077.622,504062.5685,1502.525731,524.5,524.4742685
2181077.435,504063.4954,1457.035573,570,569.9644274
2181077.21,504064.607,1408.048715,619,618.9512851
2181077.019,504065.8419,1359.064668,668,667.935332
2181076.843,504067.1606,1311.583317,715.5,715.4166831
2181076.655,504068.603,1264.105612,763,762.8943884
2181076.477,504069.896,1224.126914,803,802.8730857
2181076.273,504071.2415,1184.150079,843,842.8499215
2181076.216,504071.8295,1167.160359,860,859.8396414
2181076.232,504072.4275,1150.170899,877,876.8291005
2181076.255,504074.0651,1102.699201,924.5,924.3007992
2181076.037,504075.6081,1055.224829,972,971.7751709
2181075.629,504077.2228,1008.254439,1019,1018.745561
2181075.07,504079.1066,961.2956204,1066,1065.70438
2181074.576,504081.1531,914.3428652,1113,1112.657135
2181074.364,504083.2558,867.3904807,1160,1159.609519
2181074.199,504084.884,836.1002217,1191.333333,1190.899778
2181073.799,504086.9272,804.8364451,1222.666667,1222.163555
2181073.165,504089.385,773.6064131,1254,1253.393587
2181072.395,504091.529,750.2175498,1277.5,1276.78245
2181071.213,504093.9629,726.8742924,1301,1300.125708
2181069.62,504096.6856,703.5874558,1324.5,1323.412544
2181067.616,504099.6957,680.3678291,1348,1346.632171
2181065.144,504102.864,657.2145503,1371.5,1369.78545
2181062.145,504106.061,634.1274549,1395,1392.872545
2181058.622,504109.285,611.1183292,1418.5,1415.881671
2181054.577,504112.5344,588.1989199,1442,1438.80108
2181050.085,504115.655,565.0877626,1465.75,1461.912237
2181045.313,504118.4237,541.9877086,1489.5,1485.012291
2181040.265,504120.8394,518.9070268,1513.25,1508.092973
2181034.94,504122.9014,495.8539794,1537,1531.146021
2181027.747,504125.1896,465.4437594,1568.333333,1561.556241
2181020.579,504127.081,435.0003614,1599.666667,1591.999639
2181013.437,504128.5752,404.5287246,1631,1622.471275
2181006.084,504129.9902,373.7603786,1662.666667,1653.239621
2180998.434,504131.6166,343.0750141,1694.333333,1683.924986
2180990.488,504133.4542,312.4769093,1726,1714.523091
2180984.287,504134.9307,289.8582297,1749.5,1737.14177
2180977.699,504136.4758,267.3539289,1773,1759.646071
2180970.726,504138.0891,244.9708461,1796.5,1782.029154
2180963.37,504139.7702,222.7157832,1820,1804.284217
2180953.013,504142.1917,192.8891843,1851.666667,1834.110816
2180942.285,504144.8348,163.2131335,1883.333333,1863.786866
2180931.187,504147.6989,133.6938412,1915,1893.306159
2180919.948,504150.751,104.2466806,1946.666667,1922.753319
2180908.795,504153.9583,74.78352151,1978.333333,1952.216478
2180897.727,504157.3208,45.30529463,2010,1981.694705
2180886.887,504160.6028,16.09087232,2041.333333,2010.909128
2180876.185,504163.6405,-13.20056386,2072.666667,2040.200564
2180865.62,504166.4339,-42.56649439,2104,2069.566494
2180855.202,504169.0492,-72.00088221,2135.333333,2099.000882
2180844.936,504171.5526,-101.4985766,2166.666667,2128.498577
2180834.824,504173.944,-131.0583808,2198,2158.058381
2180829.25,504175.2487,-147.5954812,2215.5,2174.595481
2180823.738,504176.554,-164.1534532,2233,2191.153453
2180813.71,504179.0242,-195.1440522,2265.666667,2222.144052
2180804.086,504181.5605,-226.2572114,2298.333333,2253.257211
2180794.867,504184.1623,-257.4876043,2331,2284.487604
2180786.047,504186.7677,-287.7891103,2362.666667,2314.78911
2180777.065,504189.476,-318.0339067,2394.333333,2345.033907
2180767.92,504192.2873,-348.2207839,2426,2375.220784
2180758.637,504195.0979,-378.0148106,2457.333333,2405.014811
2180749.044,504197.8646,-407.7145948,2488.666667,2434.714595
2180739.142,504200.5871,-437.3169018,2520,2464.316902
2180728.838,504203.1876,-467.1469363,2551.666667,2494.146936
2180718.255,504205.5311,-496.9003024,2583.333333,2523.900302
2180707.394,504207.6172,-526.5725465,2615,2553.572546
2180699.079,504209.091,-548.5023103,2638.5,2575.50231
2180690.459,504210.6072,-570.3112598,2662,2597.31126
2180681.536,504212.1655,-591.9950853,2685.5,2618.995085
2180672.312,504213.7655,-613.5495018,2709,2640.549502
2180662.657,504215.5054,-635.1778184,2732.75,2662.177818
2180652.64,504217.4482,-656.6237601,2756.5,2683.62376
2180642.266,504219.5934,-677.8795311,2780.25,2704.879531
2180631.538,504221.9402,-698.9374049,2804,2725.937405
2180617.211,504225.4056,-726.5864343,2835.333333,2753.586434
2180603.003,504229.3438,-754.2336602,2866.666667,2781.23366
2180588.918,504233.754,-781.872386,2898,2808.872386
2180578.494,504237.1096,-802.6644577,2921.5,2829.664458
2180568.257,504240.2076,-823.5893095,2945,2850.589309
2180558.211,504243.0473,-844.6424236,2968.5,2871.642424
2180548.356,504245.628,-865.8192547,2992,2892.819255
2180535.287,504248.7973,-894.4881719,3023.666667,2921.488172
2180522.379,504251.6995,-923.2579558,3055.333333,2950.257956
2180509.632,504254.3342,-952.1255271,3087,2979.125527
2180496.973,504256.7604,-980.6845846,3118.333333,3007.684585
2180484.06,504259.0896,-1009.137988,3149.666667,3036.137988
2180470.895,504261.3219,-1037.483278,3181,3064.483278
2180457.53,504263.5642,-1065.734094,3212.333333,3092.734094
2180444.018,504265.9238,-1093.904905,3243.666667,3120.904905
2180430.358,504268.4007,-1121.994505,3275,3148.994505
2180409.639,504272.307,-1164.558442,3322.5,3191.558442
2180389.123,504276.3385,-1207.208501,3370,3234.208501
2180375.534,504279.1454,-1235.673162,3401.666667,3262.673162
2180361.99,504282.107,-1264.14303,3433.333333,3291.14303
2180348.489,504285.2232,-1292.617372,3465,3319.617372
2180335.187,504288.5313,-1320.793109,3496.333333,3347.793109
2180321.955,504292.1356,-1348.965384,3527.666667,3375.965384
2180308.794,504296.0356,-1377.131542,3559,3404.131542
2180288.761,504302.1576,-1419.762299,3606.5,3446.762299
2180268.455,504308.2507,-1462.26799,3654,3489.26799
2180248.182,504314.1518,-1504.257742,3701,3531.257742
2180227.817,504319.8259,-1546.234586,3748,3573.234586
2180214.365,504323.4516,-1574.299344,3779.333333,3601.299344
2180201.221,504326.9141,-1602.530741,3810.666667,3629.530741
2180188.389,504330.213,-1630.924463,3842,3657.924463
2180175.76,504333.3611,-1659.426558,3873.333333,3686.426558
2180163.227,504336.3715,-1687.985357,3904.666667,3714.985357
2180150.788,504339.2442,-1716.599952,3936,3743.599952
2180132.117,504343.5264,-1760.065595,3983.5,3787.065595
2180113.671,504347.8723,-1803.62103,4031,3830.62103
2180101.518,504350.8366,-1832.711594,4062.666667,3859.711594
2180089.501,504353.8927,-1861.849479,4094.333333,3888.849479
2180077.621,504357.0404,-1891.033834,4126,3918.033834
2180066.015,504360.0739,-1919.979594,4157.333333,3946.979594
2180054.571,504362.8545,-1949.015221,4188.666667,3976.015221
2180043.291,504365.3819,-1978.137808,4220,4005.137808
2180031.787,504367.7958,-2007.541548,4251.666667,4034.541548
2180019.91,504370.185,-2036.798909,4283.333333,4063.798909
2180007.663,504372.5489,-2065.905205,4315,4092.905205
2179989.229,504376.149,-2108.988522,4362,4135.988522
2179970.827,504379.9699,-2152.066919,4409,4179.066919
2179958.552,504382.6991,-2180.765686,4440.333333,4207.765686
2179946.238,504385.6449,-2209.426866,4471.666667,4236.426866
2179933.888,504388.807,-2238.049006,4503,4265.049006
2179921.229,504392.2312,-2266.872228,4534.666667,4293.872228
2179908.255,504395.8933,-2295.525526,4566.333333,4322.525526
2179894.968,504399.7925,-2324.003618,4598,4351.003618
2179881.608,504403.6952,-2352.075408,4629.333333,4379.075408
2179868.129,504407.4527,-2380.110265,4660.666667,4407.110265
2179854.531,504411.0648,-2408.107146,4692,4435.107146
2179841.029,504414.5284,-2436.168646,4723.333333,4463.168646
2179827.837,504417.8401,-2464.395266,4754.666667,4491.395266
2179814.956,504420.9995,-2492.782804,4786,4519.782804
2179802.165,504424.0906,-2521.585599,4817.666667,4548.585599
2179789.513,504427.1322,-2550.454635,4849.333333,4577.454635
2179776.998,504430.1241,-2579.389165,4881,4606.389165
2179758.639,504434.4971,-2621.886311,4927.5,4648.886311
2179740.107,504438.9024,-2664.305688,4974,4691.305688
2179721.08,504443.3678,-2707.598265,5021.5,4734.598265
2179702.033,504447.731,-2750.892548,5069,4777.892548
2179689.353,504450.693,-2779.757613,5100.666667,4806.757613
2179676.721,504453.8296,-2808.625422,5132.333333,4835.625422
2179664.137,504457.1405,-2837.495031,5164,4864.495031
2179651.826,504460.5104,-2866.110582,5195.333333,4893.110582
2179639.749,504463.8953,-2894.8234,5226.666667,4921.8234
2179627.904,504467.2951,-2923.631616,5258,4950.631616
2179616.435,504470.6648,-2952.594536,5289.333333,4979.594536
2179605.486,504473.9592,-2981.766427,5320.666667,5008.766427
2179595.06,504477.177,-3011.137803,5352,5038.137803
2179584.887,504480.2352,-3040.615399,5383.333333,5067.615399
2179574.697,504483.0513,-3070.111117,5414.666667,5097.111117
2179564.49,504485.6249,-3099.623176,5446,5126.623176
2179556.669,504487.4018,-3121.711814,5469.5,5148.711814
2179548.53,504489.0535,-3143.694863,5493,5170.694863
2179540.074,504490.5798,-3165.56722,5516.5,5192.56722
2179531.303,504491.9802,-3187.323807,5540,5214.323807
2179522.4,504493.3706,-3208.84655,5563.333333,5235.84655
2179513.417,504494.8862,-3230.327884,5586.666667,5257.327884
2179504.355,504496.5269,-3251.766874,5610,5278.766874
2179491.625,504499.0437,-3281.56344,5642.5,5308.56344
2179478.788,504501.8493,-3311.288202,5675,5338.288202
2179461.525,504505.9406,-3351.005523,5718.5,5378.005523
2179444.243,504510.3179,-3390.68404,5762,5417.68404
2179425.556,504515.2237,-3433.529282,5809,5460.529282
2179406.862,504520.1735,-3476.366091,5856,5503.366091
2179388.05,504525.1177,-3519.70033,5903.5,5546.70033
2179369.406,504529.901,-3563.125755,5951,5590.125755
2179357.078,504533.0149,-3591.762733,5982.333333,5618.762733
2179344.577,504536.152,-3620.322254,6013.666667,5647.322254
2179331.904,504539.3121,-3648.803262,6045,5675.803262
2179312.565,504544.1321,-3691.919218,6092.5,5718.919218
2179293.232,504548.9757,-3735.035174,6140,5762.035174
2179254.737,504558.6378,-3820.795914,6234.5,5847.795914
2179216.166,504568.3046,-3906.521984,6329,5933.521984
2179197.09,504573.1465,-3949.20219,6376,5976.20219
2179178.265,504578.0541,-3991.986566,6423,6018.986566
2179159.516,504583.0112,-4034.798848,6470,6061.798848
2179140.669,504588.0016,-4077.563615,6517,6104.563615
2179121.59,504593.0842,-4120.76528,6564.5,6147.76528
2179102.55,504598.2116,-4163.978998,6612,6190.978998
2179089.985,504601.564,-4192.85153,6643.666667,6219.85153
2179077.649,504604.7545,-4221.841053,6675.333333,6248.841053
2179065.543,504607.783,-4250.944894,6707,6277.944894
2179053.74,504610.6093,-4279.832047,6738.333333,6306.832047
2179042.06,504613.2557,-4308.786169,6769.666667,6335.786169
2179030.504,504615.7219,-4337.805724,6801,6364.805724
2179013.384,504619.2611,-4381.433066,6848,6408.433066
2178996.507,504622.7501,-4425.158874,6895,6452.158874
2178987.946,504624.5451,-4446.970074,6918.5,6473.970074
2178979.023,504626.4658,-4468.624581,6942,6495.624581
2178969.74,504628.5117,-4490.11565,6965.5,6517.11565
2178960.1,504630.682,-4511.436588,6989,6538.436588
2178940.516,504635.2532,-4553.916531,7036,6580.916531
2178921.037,504640.0373,-4596.421013,7083,6623.421013
2178901.635,504645.0115,-4638.939345,7130,6665.939345
2178882.285,504650.1528,-4681.461172,7177,6708.461172
2178862.729,504655.3609,-4724.433544,7224.5,6751.433544
2178843.119,504660.4242,-4767.398849,7272,6794.398849
2178823.651,504665.2463,-4809.904246,7319,6836.904246
2178804.108,504669.8362,-4852.400886,7366,6879.400886
2178794.612,504672.1563,-4873.770337,7389.5,6900.770337
2178785.71,504674.6415,-4895.375544,7413,6922.375544
2178777.409,504677.2899,-4917.199468,7436.5,6944.199468
2178769.715,504680.0995,-4939.224898,7460,6966.224898
2178759.833,504684.0525,-4968.69513,7491.333333,6995.69513
2178749.891,504688.2063,-4998.117147,7522.666667,7025.117147
2178739.888,504692.5606,-5027.489559,7554,7054.489559
2178732.347,504695.7925,-5049.777301,7577.75,7076.777301
2178724.937,504698.7346,-5072.148661,7601.5,7099.148661
2178717.658,504701.3866,-5094.59936,7625.25,7121.59936
2178710.512,504703.7478,-5117.125107,7649,7144.125107
2178703.84,504705.8041,-5139.039532,7672,7166.039532
2178697.538,504707.6811,-5161.078998,7695,7188.078998
2178691.607,504709.378,-5183.235835,7718,7210.235835
2178686.049,504710.8943,-5205.50233,7741,7232.50233
2178680.758,504712.2559,-5228.357826,7764.5,7255.357826
2178675.857,504713.4266,-5251.310949,7788,7278.310949
2178671.35,504714.4059,-5274.353424,7811.5,7301.353424
2178667.237,504715.1935,-5297.476941,7835,7324.476941
2178662.094,504716.1678,-5328.707766,7866.666667,7355.707766
2178657.214,504717.2266,-5359.978191,7898.333333,7386.978191
2178652.599,504718.3696,-5391.28577,7930,7418.28577
2178649.421,504719.2088,-5414.806968,7953.75,7441.806968
2178646.613,504719.9483,-5438.378415,7977.5,7465.378415
2178644.173,504720.5879,-5461.993903,8001.25,7488.993903
2178642.105,504721.1275,-5485.647208,8025,7512.647208
2178639.845,504721.7128,-5516.893145,8056.333333,7543.893145
2178638.034,504722.1768,-5548.170388,8087.666667,7575.170388
2178636.673,504722.5196,-5579.471999,8119,7606.471999
2178635.73,504722.7532,-5610.790029,8150.333333,7637.790029
2178635.169,504722.89,-5642.117836,8181.666667,7669.117836
2178634.991,504722.9299,-5673.450433,8213,7700.450433
2178635,504722.8571,-5720.450362,8260,7747.450362
2178634.986,504722.6642,-5767.449951,8307,7794.449951
2178634.945,504722.3255,-5786.446388,8326,7813.446388
2178634.844,504721.514,-5805.428281,8345,7832.428281
2178634.683,504720.2302,-5824.383673,8364,7851.383673
2178634.462,504718.4749,-5843.300624,8383,7870.300624
2178634.182,504716.2492,-5862.167218,8402,7889.167218
2178633.833,504712.8778,-5885.420684,8425.5,7912.420684
2178633.555,504708.8515,-5908.570702,8449,7935.570702
2178633.349,504704.1736,-5931.598638,8472.5,7958.598638
2178633.214,504698.8479,-5954.485953,8496,7981.485953
2178633.189,504692.8467,-5977.464467,8519.75,8004.464467
2178633.315,504686.2626,-6000.282431,8543.5,8027.282431
2178633.593,504679.1,-6022.924125,8567.25,8049.924125
2178634.022,504671.364,-6045.373951,8591,8072.373951
2178634.609,504663.1383,-6067.378566,8614.5,8094.378566
2178635.371,504654.3385,-6089.154529,8638,8116.154529
2178636.308,504644.9713,-6110.685575,8661.5,8137.685575
2178637.419,504635.0436,-6131.955619,8685,8158.955619
2178638.496,504626.501,-6148.891283,8704,8175.891283
2178639.793,504617.3835,-6165.508841,8723,8192.508841
2178641.306,504607.7032,-6181.786216,8742,8208.786216
2178643.034,504597.4729,-6197.701779,8761,8224.701779
2178644.975,504586.7062,-6213.234385,8780,8240.234385
2178647.084,504575.5891,-6228.246564,8798.8,8255.246564
2178649.361,504564.0722,-6242.929162,8817.6,8269.929162
2178651.804,504552.1651,-6257.269854,8836.4,8284.269854
2178654.411,504539.8778,-6271.256601,8855.2,8298.256601
2178657.18,504527.2207,-6284.877663,8874,8311.877663
2178660.092,504514.1757,-6298.096516,8892.8,8325.096516
2178663.132,504500.7272,-6310.875092,8911.6,8337.875092
2178666.295,504486.8893,-6323.199913,8930.4,8350.199913
2178669.577,504472.6766,-6335.057982,8949.2,8362.057982
2178672.976,504458.104,-6346.436791,8968,8373.436791
2178677.379,504439.4856,-6360.080439,8991.5,8387.080439
2178681.945,504420.5092,-6373.165943,9015,8400.165943
2178686.669,504401.1909,-6385.682257,9038.5,8412.682257
2178691.549,504381.5469,-6397.618814,9062,8424.618814
2178696.551,504361.3947,-6409.145568,9085.75,8436.145568
2178701.54,504340.9694,-6420.187366,9109.5,8447.187366
2178706.512,504320.2824,-6430.738141,9133.25,8457.738141
2178711.466,504299.345,-6440.792095,9157,8467.792095
2178716.4,504278.3946,-6450.221667,9180.5,8477.221667
2178721.418,504257.2268,-6459.105466,9204,8486.105466
2178726.517,504235.8551,-6467.437824,9227.5,8494.437824
2178731.694,504214.293,-6475.213428,9251,8502.213428
2178736.868,504192.7647,-6482.301751,9274.25,8509.301751
2178742.068,504171.0368,-6488.731056,9297.5,8515.731056
2178747.29,504149.1284,-6494.495697,9320.75,8521.495697
2178752.53,504127.0588,-6499.590608,9344,8526.590608
2178759.688,504096.8687,-6505.915633,9375.666667,8532.915633
2178766.869,504066.6202,-6511.928051,9407.333333,8538.928051
2178774.073,504036.3165,-6517.627252,9439,8544.627252
2178781.224,504006.2689,-6522.887672,9470.333333,8549.887672
2178788.402,503976.1524,-6527.700101,9501.666667,8554.700101
2178795.604,503945.9734,-6532.063528,9533,8559.063528
2178802.805,503915.7472,-6536.090078,9564.333333,8563.090078
2178809.98,503885.4859,-6539.892363,9595.666667,8566.892363
2178817.131,503855.1913,-6543.47018,9627,8570.47018
2178827.867,503809.7279,-6548.629733,9674,8575.629733
2178838.665,503764.2704,-6553.711822,9721,8580.711822
2178849.599,503718.3314,-6558.823247,9768.5,8585.823247
2178860.512,503672.3907,-6563.963519,9816,8590.963519
2178871.234,503626.9077,-6568.976293,9863,8595.976293
2178881.826,503581.3749,-6573.813674,9910,8600.813674
2178892.478,503535.337,-6578.620034,9957.5,8605.620034
2178903.158,503489.3068,-6583.438766,10005,8610.438766
2178913.825,503443.789,-6588.249639,10052,8615.249639
2178924.666,503398.32,-6593.133946,10099,8620.133946
2178935.6,503352.8827,-6598.105925,10146,8625.105925
2178946.547,503307.4599,-6603.179855,10193,8630.179855
2178957.589,503261.5545,-6608.359275,10240.5,8635.359275
2178968.575,503215.6356,-6613.538695,10288,8640.538695
2178979.496,503169.6852,-6618.571809,10335.5,8645.571809
2178990.344,503123.6863,-6623.31218,10383,8650.31218
2179001.138,503078.1695,-6627.843493,10430,8654.843493
2179012.122,503032.6956,-6632.346228,10477,8659.346228
2179023.18,502987.2406,-6636.861186,10524,8663.861186
2179034.193,502941.78,-6641.429214,10571,8668.429214
2179045.288,502895.829,-6646.060277,10618.5,8673.060277
2179056.36,502849.8697,-6650.666587,10666,8677.666587
2179067.336,502804.3962,-6655.193794,10713,8682.193794
2179078.377,502758.9346,-6659.684257,10760,8686.684257
2179089.595,502713.002,-6664.20186,10807.5,8691.20186
2179100.87,502667.0828,-6668.715336,10855,8695.715336
2179112.086,502621.15,-6673.235021,10902.5,8700.235021
2179123.129,502575.177,-6677.77121,10950,8704.77121
2179134.029,502529.6812,-6682.259639,10997,8709.259639
2179145.044,502484.2116,-6686.731737,11044,8713.731737
2179156.162,502438.2555,-6691.257605,11091.5,8718.257605
2179167.135,502392.2674,-6695.812356,11139,8722.812356
2179177.93,502346.7506,-6700.33956,11186,8727.33956
2179188.745,502301.2397,-6704.879012,11233,8731.879012
2179199.741,502255.2603,-6709.464702,11280.5,8736.464702
2179210.85,502209.3063,-6714.033888,11328,8741.033888
2179221.988,502163.3571,-6718.582438,11375.5,8745.582438
2179233.07,502117.3921,-6723.10623,11423,8750.10623
2179243.985,502071.8989,-6727.582402,11470,8754.582402
2179254.857,502026.3976,-6732.083071,11517,8759.083071
2179265.705,501980.8953,-6736.628646,11564,8763.628646
2179276.552,501935.3993,-6741.239533,11611,8768.239533
2179287.523,501889.4199,-6745.887096,11658.5,8772.887096
2179298.512,501843.4358,-6750.443895,11706,8777.443895
2179309.33,501797.9214,-6754.940491,11753,8781.940491
2179320.019,501752.3831,-6759.502406,11800,8786.502406
2179330.836,501706.3674,-6764.15205,11847.5,8791.15205
2179341.808,501660.3899,-6768.81407,11895,8795.81407
2179352.764,501614.9202,-6773.427,11942,8800.427
2179363.764,501569.4598,-6778.027684,11989,8805.027684
2179371.057,501539.1371,-6781.034502,12020.33333,8808.034502
2179378.24,501508.7771,-6783.928822,12051.66667,8810.928822
2179385.311,501478.3806,-6786.710566,12083,8813.710566
2179396.005,501432.2735,-6790.689395,12130.5,8817.689395
2179406.812,501386.1676,-6794.362479,12178,8821.362479
2179417.76,501340.0878,-6797.946717,12225.5,8824.946717
2179428.875,501294.0581,-6801.659076,12273,8828.659076
2179436.156,501264.0174,-6803.993306,12304,8830.993306
2179443.384,501233.9447,-6806.066693,12335,8833.066693
2179450.558,501203.8422,-6807.879084,12366,8834.879084
2179461.416,501158.1881,-6810.453553,12413,8837.453553
2179472.316,501112.547,-6813.077164,12460,8840.077164
2179479.566,501081.7739,-6814.850415,12491.66667,8841.850415
2179486.598,501050.949,-6816.601636,12523.33333,8843.601636
2179493.411,501020.0737,-6818.330739,12555,8845.330739
2179500.026,500989.5008,-6820.126221,12586.33333,8847.126221
2179506.608,500958.9324,-6822.112759,12617.66667,8849.112759
2179513.154,500928.3694,-6824.290276,12649,8851.290276
2179522.984,500882.5389,-6827.718157,12696,8854.718157
2179532.884,500836.7264,-6831.182853,12743,8858.182853
2179542.933,500790.4371,-6834.703006,12790.5,8861.703006
2179552.993,500744.1505,-6838.22316,12838,8865.22316
2179563.108,500697.8748,-6841.730917,12885.5,8868.730917
2179573.321,500651.6187,-6845.21387,12933,8872.21387
2179583.442,500605.8529,-6848.660158,12980,8875.660158
2179593.498,500560.0749,-6852.130988,13027,8879.130988
2179603.497,500514.2842,-6855.601818,13074,8882.601818
2179613.444,500468.4803,-6859.048105,13121,8886.048105
2179623.556,500422.2067,-6862.588942,13168.5,8889.588942
2179633.84,500375.9817,-6866.270307,13216,8893.270307
2179644.03,500330.2451,-6869.894513,13263,8896.894513
2179654.079,500284.4637,-6873.342854,13310,8900.342854
2179664.313,500238.2073,-6876.757635,13357.5,8903.757635
2179674.844,500192.0205,-6880.209625,13405,8907.209625
2179685.315,500146.3403,-6883.743868,13452,8910.743868
2179695.59,500100.6318,-6887.478484,13499,8914.478484
2179705.908,500054.4193,-6891.221818,13546.5,8918.221818
2179716.285,500008.1997,-6894.700629,13594,8921.700629
2179726.537,499962.4591,-6898.093739,13641,8925.093739
2179736.694,499916.7099,-6901.650461,13688,8928.650461
2179746.787,499870.9545,-6905.307372,13735,8932.307372
2179756.848,499825.1948,-6909.001083,13782,8936.001083
2179766.965,499778.9329,-6912.682434,13829.5,8939.682434
2179777.011,499732.6447,-6916.223257,13877,8943.223257
2179786.968,499686.8399,-6919.624552,13924,8946.624552
2179797.031,499641.0532,-6922.96039,13971,8949.96039
2179807.1,499595.2686,-6926.308501,14018,8953.308501
2179817.075,499549.4703,-6929.74661,14065,8956.74661
2179826.938,499503.6561,-6933.293113,14112,8960.293113
2179836.672,499457.8241,-6936.966387,14159,8963.966387
2179846.336,499411.9754,-6940.615117,14206,8967.615117
2179855.991,499366.1111,-6944.087988,14253,8971.087988
2179865.693,499320.2569,-6947.560866,14300,8974.560866
2179875.501,499274.4388,-6951.209603,14347,8978.209603
2179882.185,499243.9294,-6953.698047,14378.33333,8980.698047
2179889.089,499213.4686,-6956.181103,14409.66667,8983.181103
2179896.212,499183.0579,-6958.658644,14441,8985.658644
2179907.178,499136.993,-6962.377186,14488.5,8989.377186
2179918.145,499090.923,-6966.029605,14536,8993.029605
2179928.972,499045.3262,-6969.567921,14583,8996.567921
2179939.748,498999.7109,-6973.020344,14630,9000.020344
2179946.852,498969.2706,-6975.166963,14661.33333,9002.166963
2179953.829,498938.7841,-6977.060745,14692.66667,9004.060745
2179960.678,498908.2539,-6978.70153,14724,9005.70153
2179967.678,498877.4108,-6980.242999,14755.66667,9007.242999
2179974.967,498846.6357,-6981.806617,14787.33333,9008.806617
2179982.544,498815.9313,-6983.392248,14819,9010.392248
2179993.966,498770.402,-6985.725057,14866,9012.725057
2180005.312,498724.8503,-6987.984128,14913,9014.984128
2180016.793,498678.8135,-6990.190633,14960.5,9017.190633
2180028.374,498632.7984,-6992.318462,15008,9019.318462
2180039.86,498587.2746,-6994.436182,15055,9021.436182
2180051.297,498541.7435,-6996.656331,15102,9023.656331
2180059.045,498511.0824,-6998.249256,15133.66667,9025.249256
2180066.914,498480.4585,-6999.967298,15165.33333,9026.967298
2180074.902,498449.8728,-7001.810405,15197,9028.810405
2180083.038,498419.3274,-7003.673762,15228.66667,9030.673762
2180091.351,498388.8247,-7005.452542,15260.33333,9032.452542
2180099.841,498358.3659,-7007.146675,15292,9034.146675
2180107.536,498330.7867,-7008.516232,15320.66667,9035.516232
2180115.089,498303.1571,-7009.634211,15349.33333,9036.634211
2180122.5,498275.4798,-7010.500493,15378,9037.500493
2180128.185,498253.4633,-7011.17998,15400.75,9038.17998
2180133.59,498231.3826,-7012.043156,15423.5,9039.043156
2180138.713,498209.2429,-7013.089828,15446.25,9040.089828
2180143.553,498187.049,-7014.31976,15469,9041.31976
2180153.067,498141.6169,-7017.05119,15515.5,9044.05119
2180162.402,498096.1512,-7019.843381,15562,9046.843381
2180171.712,498050.1738,-7022.708571,15609,9049.708571
2180180.954,498004.1842,-7025.598323,15656,9052.598323
2180187.172,497973.1897,-7027.429457,15687.66667,9054.429457
2180193.421,497942.1874,-7029.012244,15719.33333,9056.012244
2180199.699,497911.1794,-7030.346587,15751,9057.346587
2180209.132,497865.1727,-7032.13443,15798,9059.13443
2180218.754,497819.2044,-7033.905878,15845,9060.905878
2180228.395,497773.2439,-7035.771586,15892,9062.771586
2180237.887,497727.2609,-7037.842191,15939,9064.842191
2180247.418,497681.2888,-7039.970171,15986,9066.970171
2180257.178,497635.3607,-7042.008006,16033,9069.008006
2180266.928,497589.4302,-7044.039697,16080,9071.039697
2180276.429,497543.4511,-7046.149243,16127,9073.149243
2180282.729,497513.1331,-7047.579866,16158,9074.579866
2180289.259,497482.8652,-7049.037555,16189,9076.037555
2180296.02,497452.6493,-7050.522224,16220,9077.522224
2180306.406,497406.8705,-7052.812021,16267,9079.812021
2180316.715,497361.0763,-7055.138686,16314,9082.138686
2180323.686,497330.5686,-7056.680293,16345.33333,9083.680293
2180330.901,497300.1157,-7058.17825,16376.66667,9085.17825
2180338.362,497269.7197,-7059.632456,16408,9086.632456
2180349.788,497223.6678,-7061.803768,16455.5,9088.803768
2180361.078,497177.5823,-7063.97508,16503,9090.97508
2180368.489,497147.1677,-7065.283538,16534.33333,9092.283538
2180375.919,497116.7479,-7066.34426,16565.66667,9093.34426
2180383.366,497086.3248,-7067.15718,16597,9094.15718
2180394.693,497040.21,-7068.241045,16644.5,9095.241045
2180406.068,496994.1088,-7069.403646,16692,9096.403646
2180417.321,496948.4934,-7070.592961,16739,9097.592961
2180428.522,496902.8652,-7071.782276,16786,9098.782276
2180439.743,496856.7277,-7072.990463,16833.5,9099.990463
2180450.82,496810.5554,-7074.211082,16881,9101.211082
2180461.748,496764.8612,-7075.404498,16928,9102.404498
2180472.756,496719.1851,-7076.556912,16975,9103.556912
2180483.97,496673.0446,-7077.721586,17022.5,9104.721586
2180495.28,496626.9287,-7078.927699,17070,9105.927699
2180506.459,496581.2957,-7080.141617,17117,9107.141617
2180517.518,496535.6337,-7081.355536,17164,9108.355536
2180528.578,496489.9713,-7082.555104,17211,9109.555104
2180539.757,496444.3373,-7083.725971,17258,9110.725971
2180551.119,496398.2346,-7084.946585,17305.5,9111.946585
2180562.489,496352.1365,-7086.270791,17353,9113.270791
2180573.631,496306.4984,-7087.620017,17400,9114.620017
2180584.55,496260.8058,-7088.944645,17447,9115.944645
2180595.492,496215.1172,-7090.226226,17494,9117.226226
2180606.701,496169.4918,-7091.446307,17541,9118.446307
2180618.047,496123.8991,-7092.61512,17588,9119.61512
2180629.402,496078.3073,-7093.742931,17635,9120.742931
2180640.693,496032.7005,-7094.901498,17682,9121.901498
2180651.847,495987.0629,-7096.162568,17729,9123.162568
2180663.161,495940.9503,-7097.457778,17776.5,9124.457778
2180674.692,495894.8899,-7098.690833,17824,9125.690833
2180686.158,495849.3276,-7099.886301,17871,9126.886301
2180697.52,495803.7398,-7101.094068,17918,9128.094068
2180708.95,495757.6546,-7102.339545,17965.5,9129.339545
2180720.381,495711.5703,-7103.622315,18013,9130.622315
2180727.838,495681.1508,-7104.475341,18044.33333,9131.475341
2180735.131,495650.6912,-7105.317446,18075.66667,9132.317446
2180742.26,495620.1922,-7106.148605,18107,9133.148605
2180752.78,495574.403,-7107.360473,18154,9134.360473
2180763.205,495528.5905,-7108.519037,18201,9135.519037
2180773.587,495482.7676,-7109.659149,18248,9136.659149
2180783.976,495436.9469,-7110.815662,18295,9137.815662
2180794.419,495391.1382,-7111.959876,18342,9138.959876
2180804.962,495345.3515,-7113.063086,18389,9140.063086
2180815.504,495299.5644,-7114.172447,18436,9141.172447
2180825.941,495253.7548,-7115.335113,18483,9142.335113
2180836.408,495207.4403,-7116.543296,18530.5,9143.543296
2180846.819,495161.1133,-7117.763911,18578,9144.763911
2180857.049,495115.2587,-7118.983979,18625,9145.983979
2180867.196,495069.3857,-7120.216347,18672,9147.216347
2180877.353,495023.5152,-7121.461016,18719,9148.461016
2180887.613,494977.6682,-7122.717985,18766,9149.717985
2180894.493,494947.1088,-7123.414273,18797.33333,9150.414273
2180901.38,494916.5461,-7123.818944,18828.66667,9150.818944
2180908.276,494885.9826,-7123.931963,18860,9150.931963
2180918.628,494840.139,-7123.895049,18907,9150.895049
2180928.988,494794.2972,-7123.882745,18954,9150.882745
2180939.234,494748.9421,-7123.901005,19000.5,9150.901005
2180949.465,494703.5836,-7123.955787,19047,9150.955787
2180959.923,494657.2514,-7124.011746,19094.5,9151.011746
2180970.414,494610.9265,-7124.030399,19142,9151.030399
2180980.808,494565.0924,-7124.030399,19189,9151.030399
2180991.199,494519.2573,-7124.030399,19236,9151.030399
2181001.511,494473.4047,-7124.00579,19283,9151.00579
2181011.671,494427.5182,-7123.931963,19330,9150.931963
2181025.294,494366.3534,-7123.800711,19392.66667,9150.800711
2181039.274,494305.2688,-7123.669458,19455.33333,9150.669458
2181053.608,494244.2665,-7123.538207,19518,9150.538207
2181064.408,494198.5263,-7123.54641,19565,9150.54641
2181075.04,494152.7474,-7123.767892,19612,9150.767892
2181085.396,494107.4184,-7124.041799,19658.5,9151.041799
2181095.595,494062.053,-7124.21426,19705,9151.21426
2181105.875,494016.1934,-7124.351661,19752,9151.351661
2181116.259,493970.3573,-7124.517772,19799,9151.517772
2181126.714,493924.5372,-7124.710543,19846,9151.710543
2181137.204,493878.7255,-7124.927923,19893,9151.927923
2181144.302,493848.2093,-7125.173109,19924.33333,9152.173109
2181151.587,493817.739,-7125.602405,19955.66667,9152.602405
2181159.056,493787.3167,-7126.215781,19987,9153.215781
2181166.537,493756.8959,-7126.761715,20018.33333,9153.761715
2181173.853,493726.4312,-7126.98867,20049.66667,9153.98867
2181181.005,493695.9267,-7126.896616,20081,9153.896616
2181188.085,493665.4071,-7126.552096,20112.33333,9153.552096
2181195.185,493634.8949,-7126.021658,20143.66667,9153.021658
2181202.306,493604.3913,-7125.305322,20175,9152.305322
2181209.731,493572.5966,-7124.310583,20207.66667,9151.310583
2181217.134,493540.808,-7123.013857,20240.33333,9150.013857
2181224.516,493509.028,-7121.415256,20273,9148.415256
2181231.601,493478.5628,-7119.586111,20304.33333,9146.586111
2181238.718,493448.1244,-7117.454971,20335.66667,9144.454971
2181245.865,493417.7158,-7115.022036,20367,9142.022036
2181253.08,493387.3165,-7112.677258,20398.33333,9139.677258
2181260.401,493356.9092,-7110.810801,20429.66667,9137.810801
2181267.824,493326.5012,-7109.42312,20461,9136.42312
2181275.258,493296.0814,-7108.396099,20492.33333,9135.396099
2181282.612,493265.635,-7107.611419,20523.66667,9134.611419
2181289.887,493235.1641,-7107.069132,20555,9134.069132
2181297.013,493204.9971,-7106.791396,20586,9133.791396
2181304.078,493174.8145,-7106.791396,20617,9133.791396
2181311.082,493144.6188,-7107.069132,20648,9134.069132
2181321.851,493098.3622,-7107.713687,20695.5,9134.713687
2181332.788,493052.1455,-7108.370676,20743,9135.370676
2181339.955,493021.9887,-7108.716041,20774,9135.716041
2181347.068,492991.8177,-7108.886472,20805,9135.886472
2181354.126,492961.6333,-7108.881963,20836,9135.881963
2181361.189,492930.7667,-7108.671009,20867.66667,9135.671009
2181368.012,492899.8486,-7108.226083,20899.33333,9135.226083
2181374.595,492868.8828,-7107.547234,20931,9134.547234
2181380.859,492838.538,-7106.616757,20962,9133.616757
2181386.997,492808.1783,-7105.383466,20993,9132.383466
2181393.009,492777.8072,-7103.847501,21024,9130.847501
2181399.197,492746.8096,-7101.967569,21055.66667,9128.967569
2181405.608,492715.8779,-7099.775036,21087.33333,9126.775036
2181412.241,492685.0167,-7097.270235,21119,9124.270235
2181418.982,492654.5197,-7094.784576,21150.33333,9121.784576
2181425.859,492624.0305,-7092.593383,21181.66667,9119.593383
2181432.871,492593.5524,-7090.696888,21213,9117.696888
2181440.077,492562.7638,-7089.019339,21244.66667,9116.019339
2181447.386,492531.9899,-7087.522099,21276.33333,9114.522099
2181454.797,492501.2323,-7086.205233,21308,9113.205233
2181462.207,492470.8087,-7085.116271,21339.33333,9112.116271
2181469.67,492440.3902,-7084.276926,21370.66667,9111.276926
2181477.185,492409.9788,-7083.687253,21402,9110.687253
2181484.707,492379.5654,-7083.319947,21433.33333,9110.319947
2181492.189,492349.1404,-7083.147684,21464.66667,9110.147684
2181499.63,492318.7048,-7083.17047,21496,9110.17047
2181507.206,492287.9596,-7083.304959,21527.66667,9110.304959
2181514.936,492257.2528,-7083.465242,21559.33333,9110.465242
2181522.82,492226.5852,-7083.651315,21591,9110.651315
2181526.93,492210.4345,-7083.751192,21607.66667,9110.751192
2181530.882,492194.244,-7083.841376,21624.33333,9110.841376
2181534.673,492178.0155,-7083.92186,21641,9110.92186
2181541.355,492148.7707,-7084.057995,21671,9111.057995
